metric,outcome,kind,r,p,n,p_perm,p_WY
raw_involvement,goals_against,raw,0.2803466141362664,0.001349814106054986,128,0.0015,0.0858
raw_involvement,goals_against,partial,0.23505137399343015,0.007812194354160533,128,0.0069,0.2822
raw_involvement,shots_against,raw,0.4920778494274687,3.6550828032084907e-09,128,0.0001,0.0096
raw_involvement,shots_against,partial,0.25719080175315634,0.0035115057550737312,128,0.0034,0.1684
raw_involvement,xg_against,raw,0.41065642236279737,1.4750065691366578e-06,128,0.0001,0.0096
raw_involvement,xg_against,partial,0.3198062406425375,0.0002472064708488897,128,0.0007,0.0456
raw_fault,goals_against,raw,0.27711901641163184,0.0015415436881418844,128,0.0017,0.0953
raw_fault,goals_against,partial,0.22270543129413106,0.011848068533948037,128,0.0105,0.3658
raw_fault,shots_against,raw,0.4817946311480906,8.5252942800642e-09,128,0.0001,0.0096
raw_fault,shots_against,partial,0.2491577075249915,0.004731105553309238,128,0.004,0.1897
raw_fault,xg_against,raw,0.405675015905677,2.0285064547518913e-06,128,0.0001,0.0096
raw_fault,xg_against,partial,0.3049209109152027,0.0004908517573310058,128,0.0009,0.0556
raw_contribution,goals_against,raw,0.2531281672106729,0.003941222708555977,128,0.0041,0.1903
raw_contribution,goals_against,partial,0.1890226689204831,0.033308796276724194,128,0.0332,0.692
raw_contribution,shots_against,raw,0.45743434847646663,5.690667706368178e-08,128,0.0001,0.0096
raw_contribution,shots_against,partial,0.18972703350616063,0.032645258408195155,128,0.032,0.6916
raw_contribution,xg_against,raw,0.37150742448985413,1.5783966694168556e-05,128,0.0001,0.0096
raw_contribution,xg_against,partial,0.25120868911026195,0.004388194304108395,128,0.0039,0.1881
valued_involvement,goals_against,raw,0.15632323618472183,0.07805310074827014,128,0.0768,0.9108
valued_involvement,goals_against,partial,0.06698729396268267,0.4542879959936926,128,0.4415,1.0
valued_involvement,shots_against,raw,0.5510496055289045,1.585449856233396e-11,128,0.0001,0.0096
valued_involvement,shots_against,partial,0.40513206244419797,2.304965663174158e-06,128,0.0001,0.0096
valued_involvement,xg_against,raw,0.3764569696378276,1.189141096867275e-05,128,0.0001,0.0096
valued_involvement,xg_against,partial,0.27143534713527,0.0020229314378549744,128,0.0017,0.0953
valued_contribution,goals_against,raw,0.12378417579278359,0.16389819690731694,128,0.1618,0.9876
valued_contribution,goals_against,partial,0.049815180829759234,0.5780854808121247,128,0.5728,1.0
valued_contribution,shots_against,raw,0.39109679929822083,5.006630394048452e-06,128,0.0001,0.0096
valued_contribution,shots_against,partial,0.24069970594694995,0.006412140612778893,128,0.0073,0.2932
valued_contribution,xg_against,raw,0.32970118993554,0.00014447467514986954,128,0.0003,0.0227
valued_contribution,xg_against,partial,0.23575198747814027,0.007624968450116388,128,0.008,0.3101
valued_fault,goals_against,raw,0.14443403283156406,0.10382304393647813,128,0.1013,0.9557
valued_fault,goals_against,partial,0.05940141642294536,0.5070825366032513,128,0.4988,1.0
valued_fault,shots_against,raw,0.5251204228189542,1.9726657531111243e-10,128,0.0001,0.0096
valued_fault,shots_against,partial,0.38185219853898494,9.433888608691684e-06,128,0.0001,0.0096
valued_fault,xg_against,raw,0.3366636742355583,0.00010207548323349044,128,0.0001,0.0096
valued_fault,xg_against,partial,0.2280508860259311,0.009918278489647488,128,0.0096,0.3469
raw_involvement_gini,goals_against,raw,0.0657735039004912,0.4607322370847242,128,0.4549,1.0
raw_involvement_gini,goals_against,partial,0.0395633738327884,0.6587633376032244,128,0.6501,1.0
raw_involvement_gini,shots_against,raw,-0.0027597052020244053,0.9753363137232716,128,0.9784,1.0
raw_involvement_gini,shots_against,partial,-0.07934275787074258,0.3752373932004441,128,0.3672,0.9998
raw_involvement_gini,xg_against,raw,-0.04936437269467377,0.5800217492278607,128,0.584,1.0
raw_involvement_gini,xg_against,partial,-0.0981448133970736,0.27231247225355215,128,0.2707,0.9992
raw_fault_gini,goals_against,raw,0.10607349789725358,0.2333877834176864,128,0.2322,0.9984
raw_fault_gini,goals_against,partial,0.07980856752942625,0.37243152429423343,128,0.3657,0.9998
raw_fault_gini,shots_against,raw,0.04142517866560082,0.6424513056820866,128,0.6407,1.0
raw_fault_gini,shots_against,partial,-0.0330641179348862,0.7121050311634576,128,0.7067,1.0
raw_fault_gini,xg_against,raw,0.02030504046501786,0.8200386973749628,128,0.8176,1.0
raw_fault_gini,xg_against,partial,-0.02674923894896067,0.7653051670905076,128,0.7534,1.0
raw_contribution_gini,goals_against,raw,-0.018428389045974797,0.8364271745065904,128,0.8379,1.0
raw_contribution_gini,goals_against,partial,-0.05305119890562001,0.5536076810947195,128,0.5522,1.0
raw_contribution_gini,shots_against,raw,-0.030253699645130874,0.7346086370989272,128,0.7377,1.0
raw_contribution_gini,shots_against,partial,-0.12659451939177838,0.15611639290230706,128,0.1575,0.9858
raw_contribution_gini,xg_against,raw,-0.11121912298942019,0.2113584991825043,128,0.2159,0.9973
raw_contribution_gini,xg_against,partial,-0.17378067920224252,0.05070839954440932,128,0.0476,0.7925
valued_involvement_gini,goals_against,raw,0.07938827384636246,0.3730515734590696,128,0.3739,1.0
valued_involvement_gini,goals_against,partial,0.07848921015305416,0.3804122291880645,128,0.3726,1.0
valued_involvement_gini,shots_against,raw,0.05915779940377072,0.5071322005483103,128,0.5089,1.0
valued_involvement_gini,shots_against,partial,0.05995839926153554,0.5031008370624515,128,0.4982,1.0
valued_involvement_gini,xg_against,raw,0.030660304454899895,0.73117743213929,128,0.7353,1.0
valued_involvement_gini,xg_against,partial,0.028386025504779235,0.7513990089684087,128,0.7493,1.0
valued_contribution_gini,goals_against,raw,0.011838772048422139,0.8944851109638443,128,0.8934,1.0
valued_contribution_gini,goals_against,partial,0.03315289204255498,0.7113662447134953,128,0.703,1.0
valued_contribution_gini,shots_against,raw,-0.10012854886490735,0.2607835381477281,128,0.2597,0.9991
valued_contribution_gini,shots_against,partial,-0.05518437872759062,0.5377511301929082,128,0.529,1.0
valued_contribution_gini,xg_against,raw,-0.06718188535009653,0.4511663906695011,128,0.4584,1.0
valued_contribution_gini,xg_against,partial,-0.036049230126836744,0.6874130434514839,128,0.6897,1.0
valued_fault_gini,goals_against,raw,0.13003054366077088,0.14349070994973018,128,0.1473,0.9833
valued_fault_gini,goals_against,partial,0.12382580951633586,0.16544396387320562,128,0.1648,0.9878
valued_fault_gini,shots_against,raw,0.08760582548537985,0.32545196262595294,128,0.3255,0.9996
valued_fault_gini,shots_against,partial,0.07474229065199153,0.4036368242363435,128,0.3929,1.0
valued_fault_gini,xg_against,raw,0.07515793741489146,0.399135055028283,128,0.4025,1.0
valued_fault_gini,xg_against,partial,0.06460930227660652,0.4705003074206924,128,0.4759,1.0
raw_involvement_centralization_weighted,goals_against,raw,0.14206608325161144,0.10967587060470724,128,0.1151,0.9666
raw_involvement_centralization_weighted,goals_against,partial,0.11259826881862091,0.2075308182297665,128,0.2097,0.9971
raw_involvement_centralization_weighted,shots_against,raw,0.0916830824666805,0.3033528768257698,128,0.304,0.9994
raw_involvement_centralization_weighted,shots_against,partial,0.010703699903661466,0.9049304754798426,128,0.9023,1.0
raw_involvement_centralization_weighted,xg_against,raw,0.07498753935547782,0.4002079195716207,128,0.4057,1.0
raw_involvement_centralization_weighted,xg_against,partial,0.023287994547784657,0.7949542179986627,128,0.7893,1.0
raw_fault_centralization_weighted,goals_against,raw,0.17394759606227667,0.04956674293114561,128,0.0527,0.8211
raw_fault_centralization_weighted,goals_against,partial,0.14610266958901538,0.10120879125228753,128,0.1068,0.9607
raw_fault_centralization_weighted,shots_against,raw,0.13300058897556413,0.13449056974119686,128,0.1377,0.9821
raw_fault_centralization_weighted,shots_against,partial,0.05920668948748835,0.5084784283437024,128,0.5122,1.0
raw_fault_centralization_weighted,xg_against,raw,0.1432429872518487,0.10673551869121424,128,0.1087,0.9627
raw_fault_centralization_weighted,xg_against,partial,0.09671098594618294,0.2794129091899565,128,0.2788,0.9993
raw_contribution_centralization_weighted,goals_against,raw,0.03536679026840371,0.6918627752815724,128,0.6981,1.0
raw_contribution_centralization_weighted,goals_against,partial,0.01859316355696823,0.8356346217285199,128,0.8375,1.0
raw_contribution_centralization_weighted,shots_against,raw,-0.05251218844395726,0.5560719901496886,128,0.5588,1.0
raw_contribution_centralization_weighted,shots_against,partial,-0.10633483265904335,0.23410097433102917,128,0.2367,0.9985
raw_contribution_centralization_weighted,xg_against,raw,-0.07061671882027858,0.42830872663066233,128,0.4369,1.0
raw_contribution_centralization_weighted,xg_against,partial,-0.10272265552057804,0.25046419363901196,128,0.2531,0.9991
valued_involvement_centralization_weighted,goals_against,raw,0.1312066671464659,0.13987360410871136,128,0.1421,0.9833
valued_involvement_centralization_weighted,goals_against,partial,0.13522631175876124,0.1295630836274484,128,0.1298,0.978
valued_involvement_centralization_weighted,shots_against,raw,-0.013641209640377308,0.8785356484221415,128,0.8768,1.0
valued_involvement_centralization_weighted,shots_against,partial,-0.010089677024286436,0.9103607656866345,128,0.9119,1.0
valued_involvement_centralization_weighted,xg_against,raw,0.015960052721219958,0.8580889031710937,128,0.8518,1.0
valued_involvement_centralization_weighted,xg_against,partial,0.019734187606513368,0.8257032808522969,128,0.8252,1.0
valued_contribution_centralization_weighted,goals_against,raw,-0.027583543629275085,0.7572685594487182,128,0.7552,1.0
valued_contribution_centralization_weighted,goals_against,partial,-0.01328958100518767,0.8821125488527606,128,0.8821,1.0
valued_contribution_centralization_weighted,shots_against,raw,-0.17562363537215034,0.04737826711036964,128,0.0499,0.8078
valued_contribution_centralization_weighted,shots_against,partial,-0.15604784637187064,0.0797856089045382,128,0.0836,0.9283
valued_contribution_centralization_weighted,xg_against,raw,-0.14477733909199386,0.10299524320540279,128,0.1027,0.9557
valued_contribution_centralization_weighted,xg_against,partial,-0.1271956786755794,0.15414425767415146,128,0.1544,0.9854
valued_fault_centralization_weighted,goals_against,raw,0.1625067578963263,0.0668441321650683,128,0.0683,0.885
valued_fault_centralization_weighted,goals_against,partial,0.1621627478293943,0.0685326682097439,128,0.0708,0.8926
valued_fault_centralization_weighted,shots_against,raw,0.03173413966991406,0.722141357342967,128,0.7262,1.0
valued_fault_centralization_weighted,shots_against,partial,0.02720145409571377,0.7614554509969788,128,0.7646,1.0
valued_fault_centralization_weighted,xg_against,raw,0.07728508388722989,0.38588651745240377,128,0.3876,1.0
valued_fault_centralization_weighted,xg_against,partial,0.07569766907125768,0.39763683082114676,128,0.4031,1.0
block_x_spread,goals_against,raw,-0.10050868136189388,0.2589686710855392,128,0.2608,0.9991
block_x_spread,goals_against,partial,-0.03776392641340111,0.6733751136975628,128,0.6761,1.0
block_x_spread,shots_against,raw,-0.24867066442448676,0.004649126301443568,128,0.005,0.2207
block_x_spread,shots_against,partial,-0.10225499836914281,0.25263899170150916,128,0.2526,0.9991
block_x_spread,xg_against,raw,-0.13164605102530152,0.13854023491853562,128,0.1456,0.9833
block_x_spread,xg_against,partial,-0.02945087943149222,0.7423943203820552,128,0.7404,1.0
block_y_spread,goals_against,raw,0.026447007882689964,0.7669778047010207,128,0.7713,1.0
block_y_spread,goals_against,partial,0.003282720700558365,0.9707810578315218,128,0.9693,1.0
block_y_spread,shots_against,raw,-0.18498178984584013,0.03658405970252084,128,0.0358,0.7077
block_y_spread,shots_against,partial,-0.27256174397501776,0.0019341536463686367,128,0.0019,0.1041
block_y_spread,xg_against,raw,-0.12188381102505351,0.17051644682749012,128,0.1737,0.99
block_y_spread,xg_against,partial,-0.16729713771769428,0.060111623406495736,128,0.0593,0.8515
block_area,goals_against,raw,-0.06501915332085995,0.4659015680398591,128,0.4647,1.0
block_area,goals_against,partial,-0.035191733520255904,0.6944737306869142,128,0.6937,1.0
block_area,shots_against,raw,-0.30056665130293075,0.0005663645858255388,128,0.0008,0.0505
block_area,shots_against,partial,-0.2534263939337295,0.004042604011598339,128,0.0038,0.1858
block_area,xg_against,raw,-0.17544243790803354,0.047610925108731245,128,0.0516,0.815
block_area,xg_against,partial,-0.1335152129376154,0.13453079768703122,128,0.1379,0.9821
block_aspect,goals_against,raw,-0.11140266655389258,0.21060114437498748,128,0.2079,0.9969
block_aspect,goals_against,partial,-0.04949573498168666,0.5805288356816555,128,0.5811,1.0
block_aspect,shots_against,raw,-0.045545344502768474,0.6097033563559724,128,0.6117,1.0
block_aspect,shots_against,partial,0.1420527018164563,0.11113453416779526,128,0.1112,0.9654
block_aspect,xg_against,raw,-0.015689395084538354,0.8604708935605339,128,0.8671,1.0
block_aspect,xg_against,partial,0.10117098694834092,0.25772997637913186,128,0.2581,0.9991
block_line_height,goals_against,raw,-0.0832641698397749,0.3500927935672292,128,0.3491,0.9997
block_line_height,goals_against,partial,0.03289931733611479,0.7134772248125426,128,0.7085,1.0
block_line_height,shots_against,raw,-0.42058279428735035,7.696873231035103e-07,128,0.0001,0.0096
block_line_height,shots_against,partial,-0.21256357081992933,0.016427758452795052,128,0.0149,0.4569
block_line_height,xg_against,raw,-0.27326250426617366,0.0018029484726864284,128,0.0014,0.082
block_line_height,xg_against,partial,-0.13095382435043873,0.14223722238354475,128,0.1442,0.9833
