metric,metric_family,node_metric,outcome,kind,min,min_sig,average,average_sig,sum,sum_sig,product,product_sig,r_range_trio,r_range_all,sig_flip_trio,sign_flip_trio
raw_involvement,Total Strength,raw_involvement,goals_against,raw,0.2803466141362663,**,0.28295736497418644,**,0.28295736497181734,**,0.25701101628965595,**,0.002610750837920117,0.025946348684530496,False,False
raw_involvement,Total Strength,raw_involvement,goals_against,partial,0.23505137399343023,**,0.2418728119932328,**,0.24187281198739102,**,0.19141133350559286,*,0.00682143799980256,0.05046147848763993,False,False
raw_involvement,Total Strength,raw_involvement,shots_against,raw,0.4920778494274687,***,0.49563314810601267,***,0.4956331480984053,***,0.48102916764971193,***,0.0035552986785439833,0.014603980456300736,False,False
raw_involvement,Total Strength,raw_involvement,shots_against,partial,0.25719080175315623,**,0.2619524905772129,**,0.26195249056385733,**,0.24557716086327974,**,0.004761688824056698,0.016375329713933184,False,False
raw_involvement,Total Strength,raw_involvement,xg_against,raw,0.4106564223627972,***,0.41309329442053316,***,0.4130932944319866,***,0.39575752222494454,***,0.002436872069189411,0.017335772207042077,False,False
raw_involvement,Total Strength,raw_involvement,xg_against,partial,0.3198062406425375,***,0.3264624448574144,***,0.3264624448763344,***,0.2894078195002473,***,0.006656204233796925,0.037054625376087114,False,False
raw_involvement_gini,Gini (strength inequality),raw_involvement,goals_against,raw,0.0657735039004912,,0.06408085404018216,,0.06408085403679167,,0.05702356846666797,,0.001692649863699533,0.008749935433823235,False,False
raw_involvement_gini,Gini (strength inequality),raw_involvement,goals_against,partial,0.03956337383278837,,0.03541401366012595,,0.03541401365934359,,0.034009711509272914,,0.004149360173444784,0.005553662323515458,False,False
raw_involvement_gini,Gini (strength inequality),raw_involvement,shots_against,raw,-0.0027597052020242787,,-0.0006011134285795272,,-0.0006011134270160305,,-0.0074690187690360545,,0.002158591775008248,0.006867905342020024,False,False
raw_involvement_gini,Gini (strength inequality),raw_involvement,shots_against,partial,-0.07934275787074252,,-0.08384984215126351,,-0.08384984214166033,,-0.07482494074015479,,0.00450708428052099,0.009024901411108718,False,False
raw_involvement_gini,Gini (strength inequality),raw_involvement,xg_against,raw,-0.04936437269467383,,-0.04816455159868762,,-0.04816455159004435,,-0.0519963443502285,,0.0011998211046294824,0.0038317927601841523,False,False
raw_involvement_gini,Gini (strength inequality),raw_involvement,xg_against,partial,-0.09814481339707377,,-0.1011827853669072,,-0.10118278535289799,,-0.09484690251614397,,0.0030379719698334223,0.006335882850763225,False,False
raw_involvement_cc_weighted,Clustering (weighted),raw_involvement,goals_against,raw,-0.0027320437102848092,,-0.02612749215398949,,-0.026127492147107634,,0.0021374636448620336,,0.02339544844370468,0.028264955798851524,False,False
raw_involvement_cc_weighted,Clustering (weighted),raw_involvement,goals_against,partial,0.03783614489748491,,0.022744733894037417,,0.022744733910511912,,0.03314945012469492,,0.015091411003447491,0.015091411003447491,False,False
raw_involvement_cc_weighted,Clustering (weighted),raw_involvement,shots_against,raw,0.026011036259308246,,-0.005150366657390569,,-0.00515036674420799,,0.030452505222946326,,0.031161403003516237,0.035602871967154316,False,True
raw_involvement_cc_weighted,Clustering (weighted),raw_involvement,shots_against,partial,0.1401534472247046,,0.13061642221652855,,0.13061642214209523,,0.11843781198978884,,0.009537025082609368,0.021715635234915764,False,False
raw_involvement_cc_weighted,Clustering (weighted),raw_involvement,xg_against,raw,0.07152897910386098,,0.025358410793770603,,0.025358410759774047,,0.06359268010153793,,0.046170568344086935,0.046170568344086935,False,False
raw_involvement_cc_weighted,Clustering (weighted),raw_involvement,xg_against,partial,0.14317590250501544,,0.10993278379287177,,0.10993278377216986,,0.11803468605594956,,0.03324311873284558,0.03324311873284558,False,False
raw_involvement_centralization_weighted,Freeman Centralization (weighted),raw_involvement,goals_against,raw,0.1420660832516113,,0.13730214147339506,,0.13730214149562225,,0.12635172548117643,,0.004763941778216235,0.015714357770434867,False,False
raw_involvement_centralization_weighted,Freeman Centralization (weighted),raw_involvement,goals_against,partial,0.11259826881862091,,0.1053353812514541,,0.10533538127381582,,0.10146943353579191,,0.007262887567166809,0.011128835282829,False,False
raw_involvement_centralization_weighted,Freeman Centralization (weighted),raw_involvement,shots_against,raw,0.09168308246668049,,0.08636906538574847,,0.08636906539878215,,0.08212567629596651,,0.005314017080932015,0.009557406170713975,False,False
raw_involvement_centralization_weighted,Freeman Centralization (weighted),raw_involvement,shots_against,partial,0.010703699903661653,,-0.0024928898803737373,,-0.0024928898676988206,,0.015201027158518093,,0.01319658978403539,0.01769391703889183,False,True
raw_involvement_centralization_weighted,Freeman Centralization (weighted),raw_involvement,xg_against,raw,0.0749875393554778,,0.07100225880905377,,0.07100225888111095,,0.0642084627762915,,0.003985280546424039,0.010779076579186309,False,False
raw_involvement_centralization_weighted,Freeman Centralization (weighted),raw_involvement,xg_against,partial,0.023287994547784803,,0.014773387013212791,,0.014773387088654711,,0.021040698814983282,,0.008514607534572012,0.008514607534572012,False,False
raw_fault,Total Strength,raw_fault,goals_against,raw,0.27711901641163195,**,0.2765333707436075,**,0.27653337072400164,**,0.25194223672550564,**,0.0005856456876303096,0.025176779686126305,False,False
raw_fault,Total Strength,raw_fault,goals_against,partial,0.22270543129413134,*,0.2223237713721803,*,0.2223237713414345,*,0.181417221516749,*,0.0003816599526968445,0.041288209777382345,False,False
raw_fault,Total Strength,raw_fault,shots_against,raw,0.48179463114809057,***,0.4845695450560872,***,0.4845695450560985,***,0.4660344044158285,***,0.0027749139080079366,0.01853514064027001,False,False
raw_fault,Total Strength,raw_fault,shots_against,partial,0.24915770752499136,**,0.2528115704930402,**,0.2528115704918491,**,0.23395937494779817,**,0.0036538629680488433,0.018852195545242034,False,False
raw_fault,Total Strength,raw_fault,xg_against,raw,0.4056750159056769,***,0.4072116737330269,***,0.4072116737258008,***,0.3850439807671873,***,0.0015366578273500187,0.02216769296583959,False,False
raw_fault,Total Strength,raw_fault,xg_against,partial,0.30492091091520274,***,0.30789038270255353,***,0.3078903826912067,***,0.2707487451186538,**,0.002969471787350797,0.03714163758389971,False,False
raw_fault_gini,Gini (strength inequality),raw_fault,goals_against,raw,0.10607349789725379,,0.10343967946306647,,0.1034396794544356,,0.09320947620926166,,0.002633818442818181,0.012864021687992125,False,False
raw_fault_gini,Gini (strength inequality),raw_fault,goals_against,partial,0.0798085675294264,,0.07497770851874681,,0.07497770850715602,,0.06929136889621645,,0.004830859022270387,0.010517198633209948,False,False
raw_fault_gini,Gini (strength inequality),raw_fault,shots_against,raw,0.04142517866560088,,0.04223905199766099,,0.04223905202889388,,0.03677276352871647,,0.0008138733632929995,0.005466288500177406,False,False
raw_fault_gini,Gini (strength inequality),raw_fault,shots_against,partial,-0.03306411793488602,,-0.03841383998878975,,-0.038413839961431884,,-0.03037137718884592,,0.00534972205390373,0.00804246279994383,False,False
raw_fault_gini,Gini (strength inequality),raw_fault,xg_against,raw,0.020305040465018187,,0.021508618012354375,,0.021508618031656844,,0.014534094037257975,,0.001203577566638657,0.006974523994398869,False,False
raw_fault_gini,Gini (strength inequality),raw_fault,xg_against,partial,-0.0267492389489603,,-0.029275883796304407,,-0.029275883780694203,,-0.028026150965534624,,0.002526644847344106,0.002526644847344106,False,False
raw_fault_cc_weighted,Clustering (weighted),raw_fault,goals_against,raw,-0.05954339985457187,,-0.07934173225356028,,-0.07934173232412478,,-0.042612144326727885,,0.019798332469552912,0.036729587997396895,False,False
raw_fault_cc_weighted,Clustering (weighted),raw_fault,goals_against,partial,-0.030686505607847296,,-0.040481381110859645,,-0.04048138117510103,,-0.019580815952020283,,0.009794875567253732,0.020900565223080744,False,False
raw_fault_cc_weighted,Clustering (weighted),raw_fault,shots_against,raw,0.01094096625595568,,-0.011984345156516113,,-0.011984345164576754,,0.018582874673938342,,0.022925311420532432,0.030567219838515097,False,True
raw_fault_cc_weighted,Clustering (weighted),raw_fault,shots_against,partial,0.09568044195351068,,0.1011989824827146,,0.10119898250173345,,0.08633358163116778,,0.005518540548222775,0.014865400870565676,False,False
raw_fault_cc_weighted,Clustering (weighted),raw_fault,xg_against,raw,0.0044437713852687535,,-0.0211683497555741,,-0.021168349834521302,,0.010192890866370556,,0.025612121219790056,0.03136124070089186,False,True
raw_fault_cc_weighted,Clustering (weighted),raw_fault,xg_against,partial,0.0550179312441071,,0.04672118451207541,,0.04672118444437551,,0.05025046582610335,,0.008296746799731594,0.008296746799731594,False,False
raw_fault_centralization_weighted,Freeman Centralization (weighted),raw_fault,goals_against,raw,0.1739475960622766,*,0.1608195463518558,,0.16081954635776613,,0.15207827041663777,,0.013128049710420808,0.021869325645638843,True,False
raw_fault_centralization_weighted,Freeman Centralization (weighted),raw_fault,goals_against,partial,0.1461026695890154,,0.12872571766370744,,0.12872571766944815,,0.13007597214198469,,0.01737695192530797,0.01737695192530797,False,False
raw_fault_centralization_weighted,Freeman Centralization (weighted),raw_fault,shots_against,raw,0.13300058897556416,,0.12304962337978469,,0.12304962344740988,,0.12120636168848462,,0.009950965595779473,0.011794227287079545,False,False
raw_fault_centralization_weighted,Freeman Centralization (weighted),raw_fault,shots_against,partial,0.05920668948748836,,0.03606665519049815,,0.03606665526625939,,0.06566388882344398,,0.023140034296990214,0.029597233632945835,False,False
raw_fault_centralization_weighted,Freeman Centralization (weighted),raw_fault,xg_against,raw,0.14324298725184864,,0.13892844731803014,,0.13892844734718401,,0.12774326706219347,,0.004314539933818501,0.015499720189655175,False,False
raw_fault_centralization_weighted,Freeman Centralization (weighted),raw_fault,xg_against,partial,0.09671098594618283,,0.08527891451039873,,0.08527891454076035,,0.09188148606982535,,0.011432071435784091,0.011432071435784091,False,False
raw_contribution,Total Strength,raw_contribution,goals_against,raw,0.25312816721067294,**,0.26440604224596465,**,0.2644060422442516,**,0.23145549345883945,**,0.011277875035291707,0.032950548787125195,False,False
raw_contribution,Total Strength,raw_contribution,goals_against,partial,0.18902266892048297,*,0.21214392755092532,*,0.21214392754663153,*,0.15038297076523552,,0.023121258630442343,0.0617609567856898,False,False
raw_contribution,Total Strength,raw_contribution,shots_against,raw,0.45743434847646686,***,0.4626395473321406,***,0.4626395473322875,***,0.45069127967080946,***,0.0052051988558206586,0.011948267661478051,False,False
raw_contribution,Total Strength,raw_contribution,shots_against,partial,0.18972703350616063,*,0.19365106017998251,*,0.19365106018209838,*,0.1887525547465969,*,0.003924026675937747,0.004898505435501466,False,False
raw_contribution,Total Strength,raw_contribution,xg_against,raw,0.3715074244898542,***,0.3767709221644363,***,0.37677092216939423,***,0.36564274925381435,***,0.005263497679540041,0.011128172915579881,False,False
raw_contribution,Total Strength,raw_contribution,xg_against,partial,0.25120868911026195,**,0.2628876613579366,**,0.2628876613663505,**,0.23970587459829942,**,0.011678972256088549,0.023181786768051077,False,False
raw_contribution_gini,Gini (strength inequality),raw_contribution,goals_against,raw,-0.01842838904597475,,-0.014615373219953431,,-0.014615373235906347,,-0.0014260830906192082,,0.0038130158260213202,0.017002305955355543,False,False
raw_contribution_gini,Gini (strength inequality),raw_contribution,goals_against,partial,-0.053051198905620094,,-0.05173110396110506,,-0.05173110397328767,,-0.028188667726821926,,0.0013200949445150365,0.024862531178798167,False,False
raw_contribution_gini,Gini (strength inequality),raw_contribution,shots_against,raw,-0.030253699645130635,,-0.02929433676675678,,-0.029294336785753616,,-0.04808697870625004,,0.0009593628783738546,0.01879264193949326,False,False
raw_contribution_gini,Gini (strength inequality),raw_contribution,shots_against,partial,-0.1265945193917783,,-0.1326063235374527,,-0.132606323547252,,-0.12671104987495752,,0.006011804155473699,0.006011804155473699,False,False
raw_contribution_gini,Gini (strength inequality),raw_contribution,xg_against,raw,-0.1112191229894201,,-0.11181587091668463,,-0.11181587093038373,,-0.10613633041265617,,0.0005967479409636212,0.005679540517727552,False,False
raw_contribution_gini,Gini (strength inequality),raw_contribution,xg_against,partial,-0.17378067920224252,*,-0.1789662246726616,*,-0.17896622467966228,*,-0.15572636241115964,,0.005185545477419756,0.023239862268502637,False,False
raw_contribution_cc_weighted,Clustering (weighted),raw_contribution,goals_against,raw,-0.015960611152749334,,-0.013039867290764375,,-0.013039867333315929,,-0.040414828243201695,,0.002920743861984959,0.02737496095243732,False,False
raw_contribution_cc_weighted,Clustering (weighted),raw_contribution,goals_against,partial,0.04472686419548515,,0.05617742057644556,,0.05617742053526203,,0.005199851091349784,,0.01145055638096041,0.05097756948509577,False,False
raw_contribution_cc_weighted,Clustering (weighted),raw_contribution,shots_against,raw,0.017620230700503683,,0.01719131489584163,,0.017191314837199632,,0.02226713335674573,,0.0004289158633040517,0.0050758185195461,False,False
raw_contribution_cc_weighted,Clustering (weighted),raw_contribution,shots_against,partial,0.18871864802553523,*,0.21167676147299042,*,0.21167676141763847,*,0.1550848347288928,,0.022958113447455186,0.056591926744097604,False,False
raw_contribution_cc_weighted,Clustering (weighted),raw_contribution,xg_against,raw,0.08270750447603537,,0.051548530512816465,,0.05154853041673809,,0.05481813476370195,,0.031158974059297274,0.031158974059297274,False,False
raw_contribution_cc_weighted,Clustering (weighted),raw_contribution,xg_against,partial,0.19261554034734235,*,0.17311934093551123,,0.17311934083733982,,0.1372960047697729,,0.019496199510002532,0.05531953557756944,True,False
raw_contribution_centralization_weighted,Freeman Centralization (weighted),raw_contribution,goals_against,raw,0.03536679026840368,,0.06382525945591498,,0.06382525943971122,,0.053118897349608035,,0.0284584691875113,0.0284584691875113,False,False
raw_contribution_centralization_weighted,Freeman Centralization (weighted),raw_contribution,goals_against,partial,0.018593163556968287,,0.04697498582247616,,0.046974985809822865,,0.04406154307440595,,0.028381822265507874,0.028381822265507874,False,False
raw_contribution_centralization_weighted,Freeman Centralization (weighted),raw_contribution,shots_against,raw,-0.05251218844395727,,-0.05527404282634841,,-0.05527404279452887,,-0.07130103687534792,,0.0027618543823911407,0.01878884843139065,False,False
raw_contribution_centralization_weighted,Freeman Centralization (weighted),raw_contribution,shots_against,partial,-0.10633483265904338,,-0.1113462127651587,,-0.1113462127184161,,-0.10671689776582771,,0.005011380106115321,0.005011380106115321,False,False
raw_contribution_centralization_weighted,Freeman Centralization (weighted),raw_contribution,xg_against,raw,-0.07061671882027859,,-0.06678306776094037,,-0.06678306774252905,,-0.09106800653050394,,0.0038336510777495364,0.024284938787974886,False,False
raw_contribution_centralization_weighted,Freeman Centralization (weighted),raw_contribution,xg_against,partial,-0.10272265552057801,,-0.09987693686288843,,-0.09987693683680365,,-0.11153615679838348,,0.0028457186837743537,0.011659219961579828,False,False
valued_involvement,Total Strength,valued_involvement,goals_against,raw,0.15632323618472177,,0.16147579506296322,,0.16147579525089206,,0.04256455052712334,,0.0051525590661702925,0.11891124472376872,False,False
valued_involvement,Total Strength,valued_involvement,goals_against,partial,0.06698729396268265,,0.07027490465456324,,0.0702749048562907,,0.017710417852689227,,0.003287610893608059,0.05256448700360147,False,False
valued_involvement,Total Strength,valued_involvement,shots_against,raw,0.5510496055289044,***,0.5608196384024716,***,0.5608196382179308,***,0.3001929517888832,***,0.009770032873567258,0.2606266866135884,False,False
valued_involvement,Total Strength,valued_involvement,shots_against,partial,0.4051320624441978,***,0.41383034320443934,***,0.4138303428972766,***,0.2673312267358012,**,0.008698280760241539,0.14649911646863817,False,False
valued_involvement,Total Strength,valued_involvement,xg_against,raw,0.3764569696378275,***,0.39279262752304683,***,0.3927926273681587,***,0.16522121466370435,,0.016335657885219346,0.2275714128593425,False,False
valued_involvement,Total Strength,valued_involvement,xg_against,partial,0.27143534713526996,**,0.29017523757626495,***,0.29017523735252465,***,0.13149498337931365,,0.018739890440995,0.1586802541969513,False,False
valued_involvement_gini,Gini (strength inequality),valued_involvement,goals_against,raw,0.07938827384636257,,0.07150406499399176,,0.07150406485476604,,0.11452981410346308,,0.00788420899159653,0.04302574924869704,False,False
valued_involvement_gini,Gini (strength inequality),valued_involvement,goals_against,partial,0.0784892101530543,,0.0656503816910263,,0.06565038119651082,,0.12452927784698335,,0.01283882895654348,0.05887889665047254,False,False
valued_involvement_gini,Gini (strength inequality),valued_involvement,shots_against,raw,0.059157799403770674,,0.046904778381742666,,0.04690477937872495,,0.08593873589630369,,0.012253021022028007,0.03903395751456102,False,False
valued_involvement_gini,Gini (strength inequality),valued_involvement,shots_against,partial,0.0599583992615354,,0.033103281579587224,,0.03310328172182821,,0.11763091687414085,,0.026855117681948176,0.08452763529455362,False,False
valued_involvement_gini,Gini (strength inequality),valued_involvement,xg_against,raw,0.030660304454900006,,0.027145194517735456,,0.027145194794567968,,0.0801759170925786,,0.0035151099371645497,0.05303072257484314,False,False
valued_involvement_gini,Gini (strength inequality),valued_involvement,xg_against,partial,0.02838602550477934,,0.016743743668702713,,0.016743743371996054,,0.0968705849769395,,0.011642282132783285,0.08012684160494345,False,False
valued_involvement_cc_weighted,Clustering (weighted),valued_involvement,goals_against,raw,-0.050606914698562454,,-0.056035497762313854,,-0.05603551067931251,,-0.13790711310599488,,0.005428595980750059,0.08730019840743242,False,False
valued_involvement_cc_weighted,Clustering (weighted),valued_involvement,goals_against,partial,-0.06252726819459635,,-0.05314740647737591,,-0.05314745041484024,,-0.1526802548741655,,0.009379861717220439,0.0995328483967896,False,False
valued_involvement_cc_weighted,Clustering (weighted),valued_involvement,shots_against,raw,0.05304242727758829,,0.039540021480298414,,0.03954011602925261,,-0.04373344278861342,,0.013502405797289875,0.09677587006620171,False,False
valued_involvement_cc_weighted,Clustering (weighted),valued_involvement,shots_against,partial,0.029331722344885094,,0.054408749676406014,,0.054408770681893204,,-0.08199929010230864,,0.02507704833700811,0.13640806078420184,False,False
valued_involvement_cc_weighted,Clustering (weighted),valued_involvement,xg_against,raw,-0.02439586820603986,,-0.03276932263635482,,-0.03276927002466708,,-0.06250448157382418,,0.00837345443031496,0.03810861336778432,False,False
valued_involvement_cc_weighted,Clustering (weighted),valued_involvement,xg_against,partial,-0.04353559833503055,,-0.027940625874319086,,-0.027940621710808022,,-0.08537330217317571,,0.015594976624222524,0.057432680462367686,False,False
valued_involvement_centralization_weighted,Freeman Centralization (weighted),valued_involvement,goals_against,raw,0.13120666714646584,,0.1312153601998764,,0.1312153580739378,,0.09984548507717599,,8.693053410557816e-06,0.03136987512270041,False,False
valued_involvement_centralization_weighted,Freeman Centralization (weighted),valued_involvement,goals_against,partial,0.13522631175876132,,0.126854906648881,,0.12685490324359433,,0.11175406906825931,,0.00837140851516699,0.023472242690502007,False,False
valued_involvement_centralization_weighted,Freeman Centralization (weighted),valued_involvement,shots_against,raw,-0.013641209640377294,,-0.035105656381647365,,-0.035105656931555845,,0.013898968828637545,,0.02146444729117855,0.04900462576019339,False,False
valued_involvement_centralization_weighted,Freeman Centralization (weighted),valued_involvement,shots_against,partial,-0.010089677024286432,,-0.05700095649669469,,-0.057000960588492695,,0.04300821528188987,,0.04691128356420626,0.10000917587038256,False,False
valued_involvement_centralization_weighted,Freeman Centralization (weighted),valued_involvement,xg_against,raw,0.015960052721219954,,-0.000894449003650875,,-0.0008944500791033712,,0.06446289892435227,,0.016854502800323325,0.06535734900345563,False,True
valued_involvement_centralization_weighted,Freeman Centralization (weighted),valued_involvement,xg_against,partial,0.019734187606513357,,-0.011721004671579799,,-0.011721007889147941,,0.08395206504471808,,0.031455195495661295,0.09567307293386602,False,True
valued_contribution,Total Strength,valued_contribution,goals_against,raw,0.12378417579278357,,0.1457905268268114,,0.1457905237616524,,-0.0044852519851149505,,0.02200635103402783,0.15027577881192636,False,False
valued_contribution,Total Strength,valued_contribution,goals_against,partial,0.04981518082975921,,0.06936795101914281,,0.06936794729888617,,-0.013067795746691214,,0.019552770189383596,0.08243574676583403,False,False
valued_contribution,Total Strength,valued_contribution,shots_against,raw,0.3910967992982208,***,0.4018169536975018,***,0.40181695411850893,***,0.11156972222096567,,0.010720154820288152,0.29024723189754326,False,False
valued_contribution,Total Strength,valued_contribution,shots_against,partial,0.24069970594695003,**,0.24023064678078435,**,0.24023064690803703,**,0.10135218435517741,,0.0004690591661656862,0.1393475215917726,False,False
valued_contribution,Total Strength,valued_contribution,xg_against,raw,0.3297011899355398,***,0.3445108802353296,***,0.3445108791786177,***,0.10740228358809623,,0.01480969029978979,0.23710859664723338,False,False
valued_contribution,Total Strength,valued_contribution,xg_against,partial,0.23575198747814033,**,0.24671918591071512,**,0.24671918446895963,**,0.0982082874069109,,0.010967198432574793,0.14851089850380422,False,False
valued_contribution_gini,Gini (strength inequality),valued_contribution,goals_against,raw,0.01183877204842227,,0.04233969384718714,,0.04233971336291871,,0.1131844348590952,,0.03050094131449644,0.10134566281067292,False,False
valued_contribution_gini,Gini (strength inequality),valued_contribution,goals_against,partial,0.033152892042555115,,0.06189278886840392,,0.06189282107991523,,0.1368700472826488,,0.028739929037360112,0.10371715524009367,False,False
valued_contribution_gini,Gini (strength inequality),valued_contribution,shots_against,raw,-0.10012854886490735,,-0.07344397272848642,,-0.07344400980309711,,-0.14111019915418954,,0.02668457613642093,0.06766622642570312,False,False
valued_contribution_gini,Gini (strength inequality),valued_contribution,shots_against,partial,-0.05518437872759056,,-0.03165884469368055,,-0.031658854243241004,,-0.10107396658116481,,0.023525534033910014,0.06941512188748426,False,False
valued_contribution_gini,Gini (strength inequality),valued_contribution,xg_against,raw,-0.06718188535009664,,-0.04268566973211362,,-0.04268568052149728,,-0.1002286026888519,,0.02449621561798302,0.057542932956738284,False,False
valued_contribution_gini,Gini (strength inequality),valued_contribution,xg_against,partial,-0.03604923012683682,,-0.01420093064139405,,-0.01420092261127584,,-0.07070516693206136,,0.02184830751556098,0.05650424432078552,False,False
valued_contribution_cc_weighted,Clustering (weighted),valued_contribution,goals_against,raw,-0.047588720039584975,,-0.08056083061524368,,-0.08056124238676583,,-0.12492622978828553,,0.03297252234718086,0.07733750974870056,False,False
valued_contribution_cc_weighted,Clustering (weighted),valued_contribution,goals_against,partial,-0.0631611224224903,,-0.08681501136486211,,-0.0868154611225113,,-0.141144437055864,,0.023654338700020996,0.07798331463337368,False,False
valued_contribution_cc_weighted,Clustering (weighted),valued_contribution,shots_against,raw,0.04678695562085507,,-0.03348316326569108,,-0.033483188854688074,,0.10491636574219233,,0.08027014447554315,0.13839955459688041,False,True
valued_contribution_cc_weighted,Clustering (weighted),valued_contribution,shots_against,partial,0.012546402915481779,,-0.05066526024997123,,-0.050665372475236364,,0.07971187797786292,,0.06321177539071815,0.13037725045309928,False,True
valued_contribution_cc_weighted,Clustering (weighted),valued_contribution,xg_against,raw,0.07742006498650827,,0.021758073449896248,,0.021758203418231988,,0.1356539567616658,,0.05566199153661203,0.11389588331176956,False,False
valued_contribution_cc_weighted,Clustering (weighted),valued_contribution,xg_against,partial,0.05701251450047603,,0.014643614219988943,,0.014643699495057505,,0.11925045757753161,,0.042368900280487086,0.10460684335754267,False,False
valued_contribution_centralization_weighted,Freeman Centralization (weighted),valued_contribution,goals_against,raw,-0.027583543629275103,,-0.0030178135468205344,,-0.0030177944764678416,,0.12176604927061453,,0.02456574915280726,0.14934959289988964,False,False
valued_contribution_centralization_weighted,Freeman Centralization (weighted),valued_contribution,goals_against,partial,-0.013289581005187682,,0.011650737739524287,,0.011650760130747187,,0.1291299043051206,,0.02494034113593487,0.1424194853103083,False,True
valued_contribution_centralization_weighted,Freeman Centralization (weighted),valued_contribution,shots_against,raw,-0.17562363537215026,*,-0.17688486510390758,*,-0.17688486258361302,*,-0.10350613373241542,,0.001261229731757324,0.07337873137149216,False,False
valued_contribution_centralization_weighted,Freeman Centralization (weighted),valued_contribution,shots_against,partial,-0.15604784637187064,,-0.15774199162933536,,-0.15774198106049808,,-0.10089221707754213,,0.0016941452574647242,0.05684977455179323,False,False
valued_contribution_centralization_weighted,Freeman Centralization (weighted),valued_contribution,xg_against,raw,-0.14477733909199383,,-0.15717359469643324,,-0.15717359180044807,,-0.099283061023277,,0.01239625560443941,0.05789053367315625,False,False
valued_contribution_centralization_weighted,Freeman Centralization (weighted),valued_contribution,xg_against,partial,-0.12719567867557957,,-0.14033881423975142,,-0.14033880658713474,,-0.09486106033778616,,0.013143135564171848,0.04547775390196526,False,False
valued_fault,Total Strength,valued_fault,goals_against,raw,0.14443403283156409,,0.1426909703897221,,0.14269097054472463,,0.04934496354722903,,0.001743062441841997,0.09508906928433505,False,False
valued_fault,Total Strength,valued_fault,goals_against,partial,0.059401416422945386,,0.05518550925214664,,0.05518550938146233,,0.025275900728292423,,0.004215907170798748,0.03412551569465296,False,False
valued_fault,Total Strength,valued_fault,shots_against,raw,0.5251204228189541,***,0.5352287859096962,***,0.5352287858705356,***,0.28784737030711843,***,0.010108363090742145,0.24738141560257781,False,False
valued_fault,Total Strength,valued_fault,shots_against,partial,0.38185219853898517,***,0.3916680857055024,***,0.39166808555787624,***,0.25498572773469064,**,0.009815887166517212,0.13668235797081174,False,False
valued_fault,Total Strength,valued_fault,xg_against,raw,0.3366636742355582,***,0.3509397674799779,***,0.35093976752788103,***,0.13910103469366009,,0.014276093292322822,0.21183873283422094,False,False
valued_fault,Total Strength,valued_fault,xg_against,partial,0.2280508860259312,**,0.24360980557729617,**,0.24360980558109108,**,0.10493001150705093,,0.015558919555159867,0.13867979407404013,False,False
valued_fault_gini,Gini (strength inequality),valued_fault,goals_against,raw,0.1300305436607713,,0.11412792211827137,,0.11412792137325634,,0.11360648329771188,,0.01590262228751496,0.01642406036305942,False,False
valued_fault_gini,Gini (strength inequality),valued_fault,goals_against,partial,0.12382580951633616,,0.10316656486212866,,0.10316656439151675,,0.11341613405198644,,0.02065924512481941,0.02065924512481941,False,False
valued_fault_gini,Gini (strength inequality),valued_fault,shots_against,raw,0.08760582548538,,0.07895412150418293,,0.07895412343933632,,0.1406049672015564,,0.008651703981197065,0.061650845697373474,False,False
valued_fault_gini,Gini (strength inequality),valued_fault,shots_against,partial,0.0747422906519915,,0.05257968881873952,,0.05257969179111095,,0.1511192853701875,,0.022162601833251985,0.09853959655144799,False,False
valued_fault_gini,Gini (strength inequality),valued_fault,xg_against,raw,0.07515793741489163,,0.08107350099599894,,0.0810735017298132,,0.13189809024340174,,0.005915564314921573,0.05674015282851011,False,False
valued_fault_gini,Gini (strength inequality),valued_fault,xg_against,partial,0.06460930227660654,,0.06327788629211496,,0.06327788754532895,,0.1342401361760654,,0.001331415984491574,0.07096224988395043,False,False
valued_fault_cc_weighted,Clustering (weighted),valued_fault,goals_against,raw,-0.10670716815180828,,-0.11230218959439298,,-0.11230218938773995,,-0.09118013839273517,,0.005595021442584697,0.021122051201657804,False,False
valued_fault_cc_weighted,Clustering (weighted),valued_fault,goals_against,partial,-0.11005562099953006,,-0.10019541113717154,,-0.10019543640475007,,-0.09698282527418374,,0.009860209862358527,0.013072795725346323,False,False
valued_fault_cc_weighted,Clustering (weighted),valued_fault,shots_against,raw,0.047330466923476824,,0.018320217851736202,,0.018320284144604508,,-0.06895378836969916,,0.029010249071740622,0.11628425529317599,False,False
valued_fault_cc_weighted,Clustering (weighted),valued_fault,shots_against,partial,0.048359981929100265,,0.05925939294593543,,0.059259394011689656,,-0.08850975504368475,,0.010899412082589391,0.14776914905537442,False,False
valued_fault_cc_weighted,Clustering (weighted),valued_fault,xg_against,raw,-0.032588778476861896,,-0.059614716209696404,,-0.05961465590384106,,-0.09048015959749732,,0.027025937732834508,0.057891381120635424,False,False
valued_fault_cc_weighted,Clustering (weighted),valued_fault,xg_against,partial,-0.03663624705657851,,-0.03895363255244996,,-0.03895361268465887,,-0.10144842351862465,,0.002317385495871453,0.06481217646204615,False,False
valued_fault_centralization_weighted,Freeman Centralization (weighted),valued_fault,goals_against,raw,0.16250675789632624,,0.12964170410140252,,0.1296417038467913,,0.12703737353227385,,0.032865054049534936,0.03546938436405239,False,False
valued_fault_centralization_weighted,Freeman Centralization (weighted),valued_fault,goals_against,partial,0.16216274782939435,,0.11870699761231679,,0.11870699771865507,,0.13484883231335093,,0.043455750217077566,0.043455750217077566,False,False
valued_fault_centralization_weighted,Freeman Centralization (weighted),valued_fault,shots_against,raw,0.03173413966991409,,-0.0005030150839279851,,-0.0005030143221421077,,0.08967478139379266,,0.032237154753842076,0.09017779647772065,False,True
valued_fault_centralization_weighted,Freeman Centralization (weighted),valued_fault,shots_against,partial,0.027201454095713742,,-0.03694416636867606,,-0.03694416446796406,,0.11539453962755422,,0.0641456204643898,0.15233870599623028,False,True
valued_fault_centralization_weighted,Freeman Centralization (weighted),valued_fault,xg_against,raw,0.07728508388722988,,0.05200494958861632,,0.05200495022449026,,0.16303868400594157,,0.02528013429861356,0.11103373441732525,False,False
valued_fault_centralization_weighted,Freeman Centralization (weighted),valued_fault,xg_against,partial,0.0756976690712577,,0.032421900450218255,,0.032421901740591404,,0.1794673692751853,*,0.04327576862103945,0.14704546882496705,False,False
