match_id,defending_team,team_name,home_away,defender_id,defender_name,overall_n,overall_avg_x,overall_avg_y,raw_involvement_n,raw_involvement_avg_x,raw_involvement_avg_y,raw_contribution_n,raw_contribution_avg_x,raw_contribution_avg_y,raw_fault_n,raw_fault_avg_x,raw_fault_avg_y,valued_involvement_n,valued_involvement_avg_x,valued_involvement_avg_y,valued_contribution_n,valued_contribution_avg_x,valued_contribution_avg_y,valued_fault_n,valued_fault_avg_x,valued_fault_avg_y,match_team_id
10506,57,Japan,home,10704,Kaoru Mitoma,339,-1.3582566371681417,-6.708545722713865,59.0,-11.304203389830509,-11.63898305084746,26.0,-10.065615384615386,-11.613807692307692,33.0,-12.280060606060607,-11.658818181818182,56.0,-10.601571428571429,-12.113285714285714,26.0,-10.065615384615386,-11.613807692307692,30.0,-11.066066666666666,-12.546166666666666,10506_57
10506,57,Japan,home,11841,Hidemasa Morita,670,-7.252141791044776,-4.516762686567165,167.0,-10.48137125748503,-7.7610059880239515,57.0,-9.27942105263158,-10.435368421052631,110.0,-11.1042,-6.3752,161.0,-9.96039751552795,-7.5782360248447205,57.0,-9.27942105263158,-10.435368421052631,104.0,-10.333625,-6.012307692307692,10506_57
10506,57,Japan,home,13797,Shogo Taniguchi,768,-14.19708984375,-10.04878515625,65.0,-19.448553846153846,-13.5042,24.0,-19.393833333333333,-15.27125,41.0,-19.480585365853656,-12.469829268292683,62.0,-18.751274193548387,-13.503596774193548,24.0,-19.393833333333333,-15.27125,38.0,-18.345447368421056,-12.387184210526316,10506_57
10506,57,Japan,home,13798,Yuto Nagatomo,429,-16.263433566433566,-17.21415850815851,61.0,-21.573918032786885,-21.487229508196723,25.0,-23.517599999999998,-20.41104,36.0,-20.224138888888888,-22.234583333333333,57.0,-21.50817543859649,-21.397684210526315,25.0,-23.517599999999998,-20.41104,32.0,-19.9383125,-22.1685,10506_57
10506,57,Japan,home,13799,Shuichi Gonda,768,-39.90939322916667,0.35641796875,42.0,-32.05983333333333,-0.3378333333333333,21.0,-35.44742857142857,-0.4352380952380952,21.0,-28.672238095238093,-0.2404285714285714,41.0,-32.16141463414634,-0.33785365853658533,21.0,-35.44742857142857,-0.4352380952380952,20.0,-28.7111,-0.23559999999999998,10506_57
10506,57,Japan,home,13802,Daizen Maeda,429,3.8827179487179486,-0.19654079254079249,213.0,4.654643192488263,0.3003708920187795,80.0,5.40625,-0.32037499999999974,133.0,4.202548872180451,0.6737518796992482,211.0,4.914279620853081,0.39293364928909963,80.0,5.40625,-0.32037499999999974,131.0,4.613839694656488,0.8285419847328246,10506_57
10506,57,Japan,home,2087,Takehiro Tomiyasu,768,-12.669915364583334,7.364317708333334,79.0,-9.425189873417722,11.161088607594937,35.0,-6.549171428571428,8.767199999999999,44.0,-11.712931818181818,13.065318181818183,77.0,-8.806545454545455,11.057194805194806,35.0,-6.549171428571428,8.767199999999999,42.0,-10.687690476190475,12.96552380952381,10506_57
10506,57,Japan,home,2088,Maya Yoshida,768,-15.115054687499999,2.551610677083333,76.0,-18.280618421052633,3.139486842105263,36.0,-20.454472222222222,2.629888888888889,40.0,-16.32415,3.5981249999999996,73.0,-17.980246575342466,3.085013698630137,36.0,-20.454472222222222,2.629888888888889,37.0,-15.572891891891892,3.5278378378378377,10506_57
10506,57,Japan,home,2090,Hiroki Sakai,285,-3.252178947368421,5.978961403508771,21.0,-13.663142857142857,9.783285714285714,10.0,-21.895400000000002,5.938000000000001,11.0,-6.179272727272728,13.278999999999998,19.0,-13.632736842105263,9.054526315789474,10.0,-21.895400000000002,5.938000000000001,9.0,-4.452000000000001,12.517333333333333,10506_57
10506,57,Japan,home,2094,Junya Ito,768,-5.446375,13.959548177083335,98.0,-8.130632653061225,8.38315306122449,44.0,-9.14325,6.8018409090909095,54.0,-7.305537037037038,9.67162962962963,96.0,-7.7430312500000005,8.590104166666666,44.0,-9.14325,6.8018409090909095,52.0,-6.55823076923077,10.103250000000001,10506_57
10506,57,Japan,home,2095,Daichi Kamada,483,-3.0676459627329193,-10.841890269151138,159.0,-4.630383647798742,-13.189446540880502,56.0,-7.117392857142858,-14.948321428571429,103.0,-3.278223300970874,-12.23316504854369,154.0,-4.198746753246753,-12.957396103896105,56.0,-7.117392857142858,-14.948321428571429,98.0,-2.530948979591837,-11.819724489795918,10506_57
10506,57,Japan,home,2099,Takuma Asano,339,7.556498525073746,0.20023303834808262,64.0,4.772046875,0.923515625,18.0,2.117333333333333,2.9306111111111113,46.0,5.810847826086956,0.13813043478260856,64.0,4.772046875,0.923515625,18.0,2.117333333333333,2.9306111111111113,46.0,5.810847826086956,0.13813043478260856,10506_57
10506,57,Japan,home,4928,Wataru Endo,768,-7.646190104166667,5.4233059895833335,187.0,-10.759791443850267,8.68266844919786,70.0,-12.43062857142857,9.741357142857142,117.0,-9.760145299145298,8.049264957264958,184.0,-10.519576086956523,8.76636956521739,70.0,-12.43062857142857,9.741357142857142,114.0,-9.346122807017544,8.16769298245614,10506_57
10506,57,Japan,home,55,Takumi Minamino,225,3.8709288888888893,5.334871111111111,25.0,-5.66524,-4.80812,7.0,-4.530571428571428,-7.1257142857142854,18.0,-6.1065000000000005,-3.9068333333333336,24.0,-4.878374999999999,-4.951791666666667,7.0,-4.530571428571428,-7.1257142857142854,17.0,-5.021588235294118,-4.056647058823529,10506_57
10506,57,Japan,home,8927,Ao Tanaka,98,7.938010204081632,1.9856020408163264,14.0,-2.8200000000000003,-4.072357142857142,10.0,-1.8366,-4.6958,4.0,-5.2785,-2.51375,14.0,-2.8200000000000003,-4.072357142857142,10.0,-1.8366,-4.6958,4.0,-5.2785,-2.51375,10506_57
10506,57,Japan,home,9981,Ritsu Doan,543,-2.0468324125230204,13.718635359116023,159.0,-2.6696100628930814,17.98835220125786,68.0,-4.163205882352941,18.70535294117647,91.0,-1.5535164835164832,17.452571428571428,159.0,-2.6696100628930814,17.98835220125786,68.0,-4.163205882352941,18.70535294117647,91.0,-1.5535164835164832,17.452571428571428,10506_57
10506,371,Croatia,away,100,Mateo Kovacic,462,-0.35010822510822515,7.595958874458875,138.0,-0.1429565217391305,11.478833333333332,47.0,2.8910851063829788,11.997595744680849,91.0,-1.7099890109890108,11.210901098901099,132.0,0.04824999999999995,11.683780303030304,47.0,2.8910851063829788,11.997595744680849,85.0,-1.523670588235294,11.510258823529412,10506_371
10506,371,Croatia,away,13854,Dominik Livakovic,558,40.123655913978496,0.13363082437275986,29.0,33.84427586206897,-0.11241379310344829,15.0,35.34493333333333,-0.5994666666666667,14.0,32.23642857142857,0.40942857142857136,29.0,33.84427586206897,-0.11241379310344829,15.0,35.34493333333333,-0.5994666666666667,14.0,32.23642857142857,0.40942857142857136,10506_371
10506,371,Croatia,away,13857,Borna Barisic,558,12.097175627240144,15.897286738351253,84.0,15.354857142857142,20.035083333333336,34.0,16.654029411764704,20.85164705882353,50.0,14.47142,19.47982,82.0,14.885597560975608,19.916426829268293,34.0,16.654029411764704,20.85164705882353,48.0,13.632958333333333,19.253979166666667,10506_371
10506,371,Croatia,away,13858,Josip Juranovic,558,12.818132616487455,-11.473408602150538,60.0,16.14255,-16.248133333333335,26.0,15.645576923076922,-17.47423076923077,34.0,16.52258823529412,-15.310529411764705,57.0,14.619789473684211,-15.860456140350879,26.0,15.645576923076922,-17.47423076923077,31.0,13.759451612903225,-14.506967741935485,10506_371
10506,371,Croatia,away,13859,Mislav Orsic,72,-15.271902777777777,-1.860666666666667,3.0,2.9136666666666664,5.074000000000001,1.0,24.494,-1.188,2.0,-7.8765,8.205,3.0,2.9136666666666664,5.074000000000001,1.0,24.494,-1.188,2.0,-7.8765,8.205,10506_371
10506,371,Croatia,away,13860,Marko Livaja,72,-13.024902777777777,-15.1655,4.0,4.464,-11.113,1.0,30.004,-0.21,3.0,-4.049333333333333,-14.747333333333332,3.0,7.480666666666667,-9.918666666666667,1.0,30.004,-0.21,2.0,-3.7809999999999997,-14.773,10506_371
10506,371,Croatia,away,13861,Bruno Petkovic,310,-11.495529032258064,2.5276193548387096,109.0,-14.469825688073394,1.7102110091743117,37.0,-15.185486486486488,-0.40213513513513527,72.0,-14.102055555555557,2.7957222222222224,107.0,-14.055242990654206,1.6950841121495326,37.0,-15.185486486486488,-0.40213513513513527,70.0,-13.457828571428571,2.8036142857142856,10506_371
10506,371,Croatia,away,1665,Ante Budimir,176,-4.026869318181818,0.23931250000000004,39.0,-0.19782051282051283,-6.031794871794872,20.0,4.3876,-7.7825500000000005,19.0,-5.024578947368421,-4.188894736842105,39.0,-0.19782051282051283,-6.031794871794872,20.0,4.3876,-7.7825500000000005,19.0,-5.024578947368421,-4.188894736842105,10506_371
10506,371,Croatia,away,1687,Luka Modric,462,2.020406926406926,-4.782054112554113,140.0,3.9401571428571427,-8.552614285714286,62.0,3.087064516129032,-11.459467741935484,78.0,4.61825641025641,-6.242038461538462,134.0,3.109268656716418,-8.152276119402984,62.0,3.087064516129032,-11.459467741935484,72.0,3.128388888888889,-5.304416666666667,10506_371
10506,371,Croatia,away,40,Dejan Lovren,558,12.729566308243728,-3.304745519713262,55.0,12.9938,-3.7545090909090906,31.0,10.37683870967742,-5.816967741935484,24.0,16.374041666666667,-1.0905,53.0,12.557509433962265,-3.528339622641509,31.0,10.37683870967742,-5.816967741935484,22.0,15.630272727272727,-0.3034545454545454,10506_371
10506,371,Croatia,away,4883,Andrej Kramaric,319,-5.145595611285266,-9.01735736677116,83.0,-7.316216867469879,-12.976144578313253,30.0,-4.1442,-18.106033333333336,53.0,-9.111698113207547,-10.07243396226415,78.0,-6.799358974358975,-13.255692307692307,30.0,-4.1442,-18.106033333333336,48.0,-8.458833333333333,-10.224229166666666,10506_371
10506,371,Croatia,away,4892,Josko Gvardiol,558,10.609930107526882,6.82755017921147,64.0,10.3594375,7.022265625,34.0,4.930676470588235,6.289294117647058,30.0,16.51203333333333,7.852966666666666,62.0,9.53291935483871,6.424354838709678,34.0,4.930676470588235,6.289294117647058,28.0,15.121357142857141,6.588357142857142,10506_371
10506,371,Croatia,away,5968,Lovro Majer,96,1.4343854166666665,2.5720729166666665,6.0,2.6429999999999993,0.30100000000000016,3.0,-3.5116666666666667,5.914666666666666,3.0,8.797666666666666,-5.312666666666666,6.0,2.6429999999999993,0.30100000000000016,3.0,-3.5116666666666667,5.914666666666666,3.0,8.797666666666666,-5.312666666666666,10506_371
10506,371,Croatia,away,6019,Nikola Vlasic,96,6.7690625,-10.385208333333333,4.0,23.57875,-12.110249999999999,2.0,30.533499999999997,-22.0855,2.0,16.624000000000002,-2.135,4.0,23.57875,-12.110249999999999,2.0,30.533499999999997,-22.0855,2.0,16.624000000000002,-2.135,10506_371
10506,371,Croatia,away,8129,Marcelo Brozovic,558,4.078301075268818,1.9669444444444446,115.0,6.920408695652173,1.5048260869565218,43.0,5.806790697674419,-1.1269534883720929,72.0,7.585486111111111,3.0765833333333337,112.0,6.2504196428571435,1.278169642857143,43.0,5.806790697674419,-1.1269534883720929,69.0,6.526884057971015,2.777014492753623,10506_371
10506,371,Croatia,away,8136,Ivan Perisic,486,-1.5159032921810698,11.338376543209877,117.0,-0.7712136752136752,18.07049572649573,43.0,-1.4173488372093026,20.088837209302326,74.0,-0.3957567567567566,16.897675675675675,113.0,-0.4949911504424777,18.11584955752212,43.0,-1.4173488372093026,20.088837209302326,70.0,0.07160000000000033,16.903871428571428,10506_371
10506,371,Croatia,away,8330,Mario Pasalic,239,2.729916317991632,-16.511778242677824,31.0,2.6254516129032255,-17.592612903225806,13.0,2.424769230769231,-17.05807692307692,18.0,2.7703888888888892,-17.978666666666665,30.0,2.346766666666667,-17.54756666666667,13.0,2.424769230769231,-17.05807692307692,17.0,2.2871176470588237,-17.92188235294118,10506_371
10508,52,Spain,away,13178,Nico Williams,113,11.8649203539823,13.96124778761062,7.0,12.399000000000001,22.474857142857143,2.0,15.063000000000002,25.300000000000004,5.0,11.3334,21.3448,7.0,12.399000000000001,22.474857142857143,2.0,15.063000000000002,25.300000000000004,5.0,11.3334,21.3448,10508_52
10508,52,Spain,away,1341,Unai Simon,355,-36.80468732394366,-0.35359999999999997,8.0,-31.121000000000002,0.052250000000000005,7.0,-30.842142857142854,0.2207142857142857,1.0,-33.073,-1.127,8.0,-31.121000000000002,0.052250000000000005,7.0,-30.842142857142854,0.2207142857142857,1.0,-33.073,-1.127,10508_52
10508,52,Spain,away,1381,Marcos Llorente,355,-3.5668169014084508,15.34107323943662,54.0,-5.624166666666667,20.787296296296294,24.0,-9.619916666666667,19.456125,30.0,-2.4275666666666664,21.852233333333334,53.0,-5.128188679245284,20.74309433962264,24.0,-9.619916666666667,19.456125,29.0,-1.410896551724138,21.808172413793105,10508_52
10508,52,Spain,away,1394,Alvaro Morata,145,16.246558620689658,-6.503703448275862,32.0,17.1663125,-12.4173125,8.0,3.8700000000000006,-14.424125,24.0,21.598416666666665,-11.748375000000001,31.0,17.461870967741934,-11.999,8.0,3.8700000000000006,-14.424125,23.0,22.189478260869567,-11.155478260869566,10508_52
10508,52,Spain,away,1513,Jordi Alba,305,-2.957727868852459,-17.35228524590164,67.0,0.6745223880597012,-21.711537313432835,26.0,1.1455769230769228,-22.55242307692308,41.0,0.37580487804878027,-21.178292682926827,63.0,0.6411746031746031,-21.32273015873016,26.0,1.1455769230769228,-22.55242307692308,37.0,0.28672972972972965,-20.458621621621624,10508_52
10508,52,Spain,away,1519,Sergio Busquets,355,1.282692957746479,2.212569014084507,81.0,5.03925925925926,2.7714814814814814,30.0,5.389433333333333,-0.8315,51.0,4.833274509803921,4.890882352941176,79.0,5.476569620253165,2.6405696202531646,30.0,5.389433333333333,-0.8315,49.0,5.529918367346939,4.766326530612244,10508_52
10508,52,Spain,away,1529,Ansu Fati,50,7.29246,-11.09778,,,,,,,,,,,,,,,,,,,10508_52
10508,52,Spain,away,1530,Pedri,355,2.4003859154929574,-5.909859154929578,101.0,0.42465346534653464,-10.84420792079208,45.0,-2.2065777777777775,-13.26531111111111,56.0,2.539035714285714,-8.89867857142857,97.0,0.9070618556701031,-10.604731958762887,45.0,-2.2065777777777775,-13.26531111111111,52.0,3.6015576923076926,-8.302307692307691,10508_52
10508,52,Spain,away,1696,Marco Asensio,210,18.53309523809524,-2.0241857142857143,76.0,18.210947368421053,-3.8932105263157895,35.0,16.409457142857143,-6.723114285714286,41.0,19.74880487804878,-1.4774390243902435,74.0,18.379675675675674,-3.6885405405405405,35.0,16.409457142857143,-6.723114285714286,39.0,20.147820512820513,-0.965205128205128,10508_52
10508,52,Spain,away,18,Rodri,355,-8.410639436619718,4.533146478873239,54.0,-7.059481481481481,13.002314814814815,31.0,-9.26516129032258,12.253354838709678,23.0,-4.086608695652175,14.011782608695652,52.0,-6.591365384615385,13.083192307692308,31.0,-9.26516129032258,12.253354838709678,21.0,-2.6443333333333334,14.308190476190475,10508_52
10508,52,Spain,away,1829,Carlos Soler,145,8.450648275862068,1.0219655172413793,23.0,9.170913043478262,-1.6210434782608698,3.0,-9.342333333333334,-7.985666666666667,20.0,11.9479,-0.6663500000000001,23.0,9.170913043478262,-1.6210434782608698,3.0,-9.342333333333334,-7.985666666666667,20.0,11.9479,-0.6663500000000001,10508_52
10508,52,Spain,away,1950,Ferran Torres,241,15.028991701244813,14.781020746887966,56.0,15.771785714285715,18.941035714285714,15.0,17.121933333333335,19.720066666666664,41.0,15.277829268292683,18.6560243902439,54.0,16.64335185185185,18.54001851851852,15.0,17.121933333333335,19.720066666666664,39.0,16.459282051282052,18.086153846153845,10508_52
10508,52,Spain,away,3867,Pablo Sarabia,1,-4.936,28.345,,,,,,,,,,,,,,,,,,,10508_52
10508,52,Spain,away,4908,Dani Olmo,305,8.997232786885245,-16.61991475409836,92.0,8.902032608695652,-20.289010869565217,38.0,6.3715,-20.874605263157896,54.0,10.682777777777778,-19.876925925925928,88.0,8.721863636363636,-20.227068181818183,38.0,6.3715,-20.874605263157896,50.0,10.508140000000001,-19.734939999999998,10508_52
10508,52,Spain,away,8341,Gavi,210,8.589,-0.9156904761904762,58.0,9.6145,-4.670448275862069,23.0,9.759739130434783,-5.857086956521739,35.0,9.519057142857143,-3.890657142857143,53.0,9.18633962264151,-4.14145283018868,23.0,9.759739130434783,-5.857086956521739,30.0,8.746733333333333,-2.826133333333333,10508_52
10508,52,Spain,away,8344,Alex Balde,50,-2.1232800000000003,-14.29004,3.0,2.1156666666666673,-12.818666666666667,2.0,7.9670000000000005,-14.4615,1.0,-9.587,-9.533,3.0,2.1156666666666673,-12.818666666666667,2.0,7.9670000000000005,-14.4615,1.0,-9.587,-9.533,10508_52
10508,52,Spain,away,9,Aymeric Laporte,355,-8.919352112676057,-5.846369014084506,32.0,-6.90440625,-3.21390625,17.0,-4.531941176470588,-3.0208235294117647,15.0,-9.5932,-3.432733333333333,30.0,-5.9734,-3.729333333333334,17.0,-4.531941176470588,-3.0208235294117647,13.0,-7.858384615384614,-4.655846153846154,10508_52
10508,374,Morocco,home,12586,Sofyan Amrabat,1041,16.966734870317,-0.3261700288184438,162.0,15.135475308641976,-0.03778395061728392,72.0,15.644319444444445,-0.9625694444444446,90.0,14.7284,0.7020444444444445,161.0,15.371577639751553,0.10401242236024846,72.0,15.644319444444445,-0.9625694444444446,89.0,15.150932584269663,0.9668651685393259,10508_374
10508,374,Morocco,home,12777,Abdelhamid Sabiri,334,13.802700598802394,9.565038922155688,26.0,5.848576923076923,7.851076923076923,8.0,6.161125,9.062875,18.0,5.709666666666667,7.3125,26.0,5.848576923076923,7.851076923076923,8.0,6.161125,9.062875,18.0,5.709666666666667,7.3125,10508_374
10508,374,Morocco,home,13021,Abde Ezzalzouli,495,11.93399191919192,16.623177777777776,92.0,11.659521739130435,16.527652173913044,45.0,12.549511111111112,17.509711111111113,47.0,10.807404255319149,15.587382978723404,92.0,11.659521739130435,16.527652173913044,45.0,12.549511111111112,17.509711111111113,47.0,10.807404255319149,15.587382978723404,10508_374
10508,374,Morocco,home,13044,Jawad El Yamiq,334,23.198550898203592,-3.980580838323353,23.0,21.645086956521737,-3.4983043478260867,10.0,26.929899999999996,-3.8853999999999997,13.0,17.579846153846155,-3.2005384615384616,23.0,21.645086956521737,-3.4983043478260867,10.0,26.929899999999996,-3.8853999999999997,13.0,17.579846153846155,-3.2005384615384616,10508_374
10508,374,Morocco,home,13864,Yahia Attiat-Allah,334,20.978254491017964,17.738820359281437,24.0,17.22758333333333,20.27841666666667,9.0,21.101222222222223,21.33688888888889,15.0,14.9034,19.64333333333333,23.0,17.30486956521739,20.501347826086956,9.0,21.101222222222223,21.33688888888889,14.0,14.864357142857143,19.964214285714288,10508_374
10508,374,Morocco,home,13865,Badr Benoun,37,31.15045945945946,6.831945945945947,2.0,21.9435,7.919500000000001,,,,2.0,21.9435,7.919500000000001,2.0,21.9435,7.919500000000001,,,,2.0,21.9435,7.919500000000001,10508_374
10508,374,Morocco,home,13866,Selim Amallah,707,13.400473833097596,7.707074964639321,236.0,11.969207627118644,10.394224576271185,128.0,11.5343828125,10.177453125,108.0,12.484555555555557,10.65113888888889,235.0,11.9368,10.337148936170212,128.0,11.5343828125,10.177453125,107.0,12.418196261682244,10.52818691588785,10508_374
10508,374,Morocco,home,13869,Walid Cheddira,334,4.958517964071857,2.5324311377245508,43.0,-1.485139534883721,-0.8274186046511628,20.0,0.8644499999999999,1.8966,23.0,-3.5282608695652176,-3.1961304347826087,43.0,-1.485139534883721,-0.8274186046511628,20.0,0.8644499999999999,1.8966,23.0,-3.5282608695652176,-3.1961304347826087,10508_374
10508,374,Morocco,home,1681,Achraf Hakimi,1041,21.68814889529299,-15.60467050912584,99.0,19.799646464646464,-20.34789898989899,46.0,20.23617391304348,-21.35991304347826,53.0,19.42077358490566,-19.46954716981132,97.0,20.041731958762888,-20.281742268041235,46.0,20.23617391304348,-21.35991304347826,51.0,19.86635294117647,-19.309274509803924,10508_374
10508,374,Morocco,home,1785,Bono,1041,43.575080691642654,0.15943900096061478,10.0,40.9964,0.050999999999999934,8.0,41.2635,-0.48050000000000004,2.0,39.928,2.177,10.0,40.9964,0.050999999999999934,8.0,41.2635,-0.48050000000000004,2.0,39.928,2.177,10508_374
10508,374,Morocco,home,1810,Youssef En-Nesyri,707,6.955514851485148,0.23724893917963222,266.0,6.845759398496241,1.1527293233082707,134.0,8.729947761194031,1.2494552238805972,132.0,4.933022727272728,1.054537878787879,266.0,6.845759398496241,1.1527293233082707,134.0,8.729947761194031,1.2494552238805972,132.0,4.933022727272728,1.054537878787879,10508_374
10508,374,Morocco,home,1938,Hakim Ziyech,1041,11.49933237271854,-18.301931796349667,198.0,11.606772727272727,-21.16728282828283,92.0,13.217739130434781,-21.86054347826087,106.0,10.208575471698113,-20.565584905660376,195.0,11.7268,-21.04134358974359,92.0,13.217739130434781,-21.86054347826087,103.0,10.395087378640776,-20.309631067961163,10508_374
10508,374,Morocco,home,233,Romain Saïss,1041,23.5751613832853,5.131439961575408,90.0,23.6098,6.272433333333334,41.0,24.221390243902437,5.658073170731707,49.0,23.098061224489797,6.786489795918367,89.0,23.545932584269664,6.076831460674157,41.0,24.221390243902437,5.658073170731707,48.0,22.968979166666667,6.434520833333333,10508_374
10508,374,Morocco,home,4002,Nayef Aguerd,707,23.769932107496466,-5.014343705799152,41.0,25.758585365853662,-6.095000000000001,14.0,25.367357142857145,-6.166142857142858,27.0,25.961444444444442,-6.058111111111111,41.0,25.758585365853662,-6.095000000000001,14.0,25.367357142857145,-6.166142857142858,27.0,25.961444444444442,-6.058111111111111,10508_374
10508,374,Morocco,home,401,Sofiane Boufal,546,11.602227106227106,19.928542124542126,97.0,11.479134020618558,22.517742268041236,39.0,11.264076923076924,23.391435897435898,58.0,11.623741379310346,21.930258620689653,96.0,11.386166666666668,22.4533125,39.0,11.264076923076924,23.391435897435898,57.0,11.469701754385966,21.81143859649123,10508_374
10508,374,Morocco,home,4324,Azzedine Ounahi,1004,11.521584661354582,-9.354750996015936,288.0,13.00520486111111,-13.689541666666667,146.0,14.262260273972602,-14.607431506849315,142.0,11.712739436619719,-12.745795774647888,285.0,13.076070175438597,-13.576919298245613,146.0,14.262260273972602,-14.607431506849315,139.0,11.830143884892086,-12.494510791366906,10508_374
10508,374,Morocco,home,8027,Noussair Mazraoui,707,23.217765205091936,15.698144271570014,58.0,23.059310344827587,20.432706896551725,20.0,24.476999999999997,21.3751,38.0,22.313157894736843,19.93671052631579,57.0,22.99661403508772,20.280526315789473,20.0,24.476999999999997,21.3751,37.0,22.196405405405407,19.688864864864865,10508_374
10517,363,France,away,113,Olivier Giroud,258,-8.993697674418604,0.263608527131783,82.0,-9.821987804878049,-0.6408048780487803,33.0,-6.33660606060606,-1.1176969696969694,49.0,-12.169285714285714,-0.3196326530612244,82.0,-9.821987804878049,-0.6408048780487803,33.0,-6.33660606060606,-1.1176969696969694,49.0,-12.169285714285714,-0.3196326530612244,10517_363
10517,363,France,away,1532,Ousmane Dembele,258,2.4080038759689923,-17.88106589147287,86.0,6.989941860465116,-20.457116279069766,40.0,11.67985,-21.973425,46.0,2.9117608695652173,-19.13858695652174,85.0,7.2301529411764704,-20.407411764705884,40.0,11.67985,-21.973425,45.0,3.2748666666666666,-19.0154,10517_363
10517,363,France,away,1534,Antoine Griezmann,409,0.025026894865525545,-5.335816625916871,155.0,1.134232258064516,-7.420045161290322,60.0,4.035916666666666,-10.500833333333334,95.0,-0.6984105263157895,-5.474284210526316,154.0,1.26862987012987,-7.26425974025974,60.0,4.035916666666666,-10.500833333333334,94.0,-0.49772340425531925,-5.198361702127659,10517_363
10517,363,France,away,1675,Raphael Varane,638,15.221269592476489,-6.460153605015675,83.0,19.949192771084338,-6.159421686746987,34.0,21.899,-6.021911764705883,49.0,18.596265306122447,-6.2548367346938765,81.0,20.905814814814818,-6.2062839506172836,34.0,21.899,-6.021911764705883,47.0,20.187340425531918,-6.339659574468085,10517_363
10517,363,France,away,1789,Jules Kounde,651,12.607385560675882,-12.61316282642089,139.0,18.298410071942445,-17.40115107913669,65.0,21.251523076923075,-16.676353846153845,74.0,15.70445945945946,-18.0377972972973,135.0,18.336585185185186,-17.13828148148148,65.0,21.251523076923075,-16.676353846153845,70.0,15.629857142857142,-17.567214285714286,10517_363
10517,363,France,away,3870,Kylian Mbappé,672,-5.56569494047619,8.349126488095239,141.0,-7.249163120567376,13.043751773049646,49.0,-5.128,12.55369387755102,92.0,-8.378913043478262,13.304760869565218,139.0,-7.368820143884893,12.954007194244603,49.0,-5.128,12.55369387755102,90.0,-8.588822222222223,13.171955555555558,10517_363
10517,363,France,away,3878,Axel Disasi,21,6.877809523809524,7.4832857142857145,2.0,8.528500000000001,11.639500000000002,1.0,7.068,16.327,1.0,9.989,6.952,2.0,8.528500000000001,11.639500000000002,1.0,7.068,16.327,1.0,9.989,6.952,10517_363
10517,363,France,away,3888,Aurélien Tchouaméni,672,6.6339717261904765,-0.9435565476190475,168.0,10.32702380952381,-1.5645238095238094,73.0,13.540465753424657,-1.1425479452054794,95.0,7.857747368421053,-1.8887789473684211,165.0,10.256642424242424,-1.4915030303030303,73.0,13.540465753424657,-1.1425479452054794,92.0,7.650999999999999,-1.768391304347826,10517_363
10517,363,France,away,3890,Youssouf Fofana,119,2.2882436974789915,2.8072941176470585,10.0,15.4673,-1.1671,4.0,20.306250000000002,-12.240499999999999,6.0,12.241333333333335,6.215166666666666,10.0,15.4673,-1.1671,4.0,20.306250000000002,-12.240499999999999,6.0,12.241333333333335,6.215166666666666,10517_363
10517,363,France,away,4012,Eduardo Camavinga,263,7.221699619771863,5.190011406844106,46.0,11.268173913043478,13.892456521739131,25.0,10.09572,13.865440000000001,21.0,12.66395238095238,13.924619047619046,46.0,11.268173913043478,13.892456521739131,25.0,10.09572,13.865440000000001,21.0,12.66395238095238,13.924619047619046,10517_363
10517,363,France,away,4194,Randal Kolo Muani,414,-3.359316425120773,-5.480376811594203,76.0,-1.740842105263158,-10.990157894736841,25.0,2.42064,-11.52444,51.0,-3.78078431372549,-10.728254901960783,71.0,-1.3072957746478873,-10.773676056338028,25.0,2.42064,-11.52444,46.0,-3.3333478260869565,-10.365652173913043,10517_363
10517,363,France,away,4606,Dayot Upamecano,672,13.074732142857142,7.145053571428571,87.0,15.973310344827587,6.724160919540229,38.0,17.969394736842105,6.225052631578947,49.0,14.425326530612246,7.1112244897959185,86.0,16.134197674418605,6.818918604651163,38.0,17.969394736842105,6.225052631578947,48.0,14.681333333333335,7.2890625,10517_363
10517,363,France,away,4622,Kingsley Coman,263,-1.3689961977186313,-3.2304562737642586,47.0,8.080382978723405,-10.697446808510637,16.0,14.1885,-12.3585625,31.0,4.927806451612903,-9.84009677419355,45.0,7.722200000000001,-10.668577777777777,16.0,14.1885,-12.3585625,29.0,4.154586206896552,-9.736172413793103,10517_363
10517,363,France,away,4712,Marcus Thuram,414,0.31554589371980685,13.04859420289855,99.0,1.393585858585859,14.26949494949495,35.0,4.4954285714285716,13.226571428571429,64.0,-0.3027343749999998,14.83984375,97.0,1.84059793814433,14.289360824742268,35.0,4.4954285714285716,13.226571428571429,62.0,0.3419032258064517,14.889322580645162,10517_363
10517,363,France,away,5097,Ibrahima Konaté,34,-6.0061470588235295,7.332294117647059,5.0,3.8708,4.6746,4.0,6.1465000000000005,7.53375,1.0,-5.232,-6.762,5.0,3.8708,4.6746,4.0,6.1465000000000005,7.53375,1.0,-5.232,-6.762,10517_363
10517,363,France,away,61,Hugo Lloris,672,39.397629464285714,0.07802529761904761,21.0,29.74009523809524,0.3638571428571428,11.0,32.10136363636364,-0.18472727272727282,10.0,27.1427,0.9673,20.0,29.764699999999998,0.05279999999999997,11.0,32.10136363636364,-0.18472727272727282,9.0,26.90877777777778,0.3431111111111111,10517_363
10517,363,France,away,8054,Adrien Rabiot,553,6.169942133815551,7.5187359855334535,167.0,4.969305389221557,10.338137724550899,71.0,5.67038028169014,9.73874647887324,96.0,4.4508020833333335,10.781437500000001,167.0,4.969305389221557,10.338137724550899,71.0,5.67038028169014,9.73874647887324,96.0,4.4508020833333335,10.781437500000001,10517_363
10517,363,France,away,8583,Theo Hernandez,409,12.26231784841076,15.532616136919316,64.0,9.476609375,20.73484375,23.0,10.780260869565216,19.50295652173913,41.0,8.745292682926829,21.42590243902439,64.0,9.476609375,20.73484375,23.0,10.780260869565216,19.50295652173913,41.0,8.745292682926829,21.42590243902439,10517_363
10517,364,Argentina,home,10715,Julian Alvarez,512,3.701775390625,-0.91743359375,154.0,2.4121948051948054,-1.6969675324675322,77.0,2.464987012987013,-1.9726493506493508,77.0,2.3594025974025974,-1.4212857142857145,153.0,2.4644248366013075,-1.8750588235294119,77.0,2.464987012987013,-1.9726493506493508,76.0,2.4638552631578947,-1.776184210526316,10517_364
10517,364,Argentina,home,11,Nicolás Otamendi,556,-17.52411690647482,-3.3753201438848923,60.0,-18.3302,-6.081516666666667,24.0,-14.415333333333335,-5.522625000000001,36.0,-20.94011111111111,-6.454111111111111,59.0,-18.367593220338986,-5.86606779661017,24.0,-14.415333333333335,-5.522625000000001,35.0,-21.077714285714286,-6.101571428571429,10517_364
10517,364,Argentina,home,11856,Enzo Fernandez,556,-8.555138489208634,-0.2634190647482015,98.0,-13.017969387755102,2.99684693877551,35.0,-11.147114285714286,2.305285714285714,63.0,-14.057333333333332,3.381047619047619,96.0,-12.989531249999999,2.9375520833333333,35.0,-11.147114285714286,2.305285714285714,61.0,-14.046655737704919,3.300327868852459,10517_364
10517,364,Argentina,home,13222,Nahuel Molina,468,-16.162384615384617,16.374405982905984,86.0,-17.070732558139536,21.49577906976744,33.0,-14.21221212121212,21.679454545454547,53.0,-18.85056603773585,21.381415094339623,83.0,-16.573963855421688,21.384313253012046,33.0,-14.21221212121212,21.679454545454547,50.0,-18.13272,21.189519999999998,10517_364
10517,364,Argentina,home,13226,German Pezzella,11,-12.472545454545456,2.2719090909090904,,,,,,,,,,,,,,,,,,,10517_364
10517,364,Argentina,home,144,Emiliano Martínez,556,-40.374007194244605,0.07431474820143885,20.0,-32.67495,0.014099999999999936,10.0,-36.329899999999995,0.07099999999999995,10.0,-29.02,-0.04280000000000004,20.0,-32.67495,0.014099999999999936,10.0,-36.329899999999995,0.07099999999999995,10.0,-29.02,-0.04280000000000004,10517_364
10517,364,Argentina,home,1531,Lionel Messi,556,3.091611510791367,5.455350719424461,155.0,-0.5279612903225807,6.608129032258065,58.0,-1.6293793103448277,10.049189655172412,97.0,0.13061855670103095,4.550587628865979,152.0,-0.3298223684210526,6.536,58.0,-1.6293793103448277,10.049189655172412,94.0,0.4720319148936171,4.368287234042553,10517_364
10517,364,Argentina,home,3856,Leandro Paredes,44,-9.18284090909091,6.087590909090909,4.0,-14.785999999999998,6.48175,4.0,-14.785999999999998,6.48175,,,,4.0,-14.785999999999998,6.48175,4.0,-14.785999999999998,6.48175,,,,10517_364
10517,364,Argentina,home,3868,Ángel Di María,311,-8.746299035369775,-18.199228295819935,60.0,-5.189150000000001,-23.336616666666668,22.0,-0.6048181818181824,-24.467863636363635,38.0,-7.843236842105263,-22.681684210526317,60.0,-5.189150000000001,-23.336616666666668,22.0,-0.6048181818181824,-24.467863636363635,38.0,-7.843236842105263,-22.681684210526317,10517_364
10517,364,Argentina,home,453,Alexis Mac Allister,545,-6.416629357798166,-5.427656880733945,85.0,-6.7164,-12.386729411764707,34.0,-7.976558823529411,-14.056735294117646,51.0,-5.87629411764706,-11.273392156862744,84.0,-6.6925357142857145,-12.28909523809524,34.0,-7.976558823529411,-14.056735294117646,50.0,-5.819400000000001,-11.0871,10517_364
10517,364,Argentina,home,5116,Cristian Romero,556,-14.59890107913669,2.2503992805755395,69.0,-14.518608695652174,2.574869565217391,33.0,-14.186878787878788,0.7829090909090909,36.0,-14.822694444444444,4.217499999999999,69.0,-14.518608695652174,2.574869565217391,33.0,-14.186878787878788,0.7829090909090909,36.0,-14.822694444444444,4.217499999999999,10517_364
10517,364,Argentina,home,6895,Rodrigo de Paul,512,-7.753591796875,12.306339843750001,129.0,-9.791666666666666,19.51348062015504,49.0,-10.70234693877551,22.619469387755103,80.0,-9.233875000000001,17.6110625,126.0,-9.506380952380953,19.288825396825395,49.0,-10.70234693877551,22.619469387755103,77.0,-8.745311688311688,17.169324675324674,10517_364
10517,364,Argentina,home,8025,Nicolas Tagliafico,550,-11.56013090909091,-12.52224,76.0,-7.0405,-16.743013157894737,30.0,-7.7702333333333335,-18.823566666666668,46.0,-6.564586956521739,-15.38613043478261,75.0,-7.08148,-16.67268,30.0,-7.7702333333333335,-18.823566666666668,45.0,-6.62231111111111,-15.238755555555556,10517_364
10517,364,Argentina,home,8058,Paulo Dybala,6,8.624333333333334,5.3886666666666665,,,,,,,,,,,,,,,,,,,10517_364
10517,364,Argentina,home,8138,Lautaro Martinez,44,0.5450681818181815,-3.795068181818182,1.0,0.776,1.026,,,,1.0,0.776,1.026,1.0,0.776,1.026,,,,1.0,0.776,1.026,10517_364
10517,364,Argentina,home,8419,Gonzalo Montiel,88,-11.562829545454546,3.1881931818181815,11.0,-11.575090909090909,4.455363636363637,2.0,-23.421499999999998,2.3679999999999994,9.0,-8.942555555555556,4.919222222222222,11.0,-11.575090909090909,4.455363636363637,2.0,-23.421499999999998,2.3679999999999994,9.0,-8.942555555555556,4.919222222222222,10517_364
10517,364,Argentina,home,9178,Marcos Acuña,245,-8.56254693877551,-12.675979591836734,35.0,-7.3543714285714294,-19.613057142857144,15.0,-5.3911333333333324,-21.3506,20.0,-8.8268,-18.3099,34.0,-6.8700882352941175,-19.319970588235293,15.0,-5.3911333333333324,-21.3506,19.0,-8.037684210526317,-17.716842105263158,10517_364
